Windows Japan,2020-03-15T07:55:17.655832Z,UCHC_xxR2kbIcVtMCGRIvcoA
広島東洋カープ公式,2020-08-11T02:08:14.055608Z,UCHC_xxR2kbIcVtMCGRIvcoA
(パーソル パ・リーグTV公式)PacificLeagueTV,2022-03-31T08:31:13.866111Z,UCHC_xxR2kbIcVtMCGRIvcoA
Aqua Ch. 湊あくあ,2022-01-31T14:26:53.24344Z,UCHC_xxR2kbIcVtMCGRIvcoA
大石昌良の弾き語りラボ,2020-04-19T15:34:37.02828Z,UCHC_xxR2kbIcVtMCGRIvcoA
たいち,2023-03-01T01:47:13.79703Z,UCHC_xxR2kbIcVtMCGRIvcoA
Suisei Channel,2021-03-30T16:35:59.757858Z,UCHC_xxR2kbIcVtMCGRIvcoA
オーイシマサヨシ,2020-05-22T10:29:55.036431Z,UCHC_xxR2kbIcVtMCGRIvcoA
ラムダ技術部,2022-02-06T02:19:33.301266Z,UCHC_xxR2kbIcVtMCGRIvcoA
バスケットLIVE,2021-02-03T13:52:37.946198Z,UCHC_xxR2kbIcVtMCGRIvcoA
